{"pages":["pages/index/index","pages/product-detail/product-detail","pages/checkout/checkout"],"style":"v2","sitemapLocation":"sitemap.json","entryPagePath":"pages/index/index.html","page":{"pages/index/index.html":{"window":{"usingComponents":{}}},"pages/product-detail/product-detail.html":{"window":{"navigationBarTitleText":"","usingComponents":{}}},"pages/checkout/checkout.html":{"window":{"navigationBarTitleText":"","usingComponents":{}}}},"global":{"window":{"backgroundTextStyle":"light","navigationBarBackgroundColor":"#fff","navigationBarTitleText":"Macle","navigationBarTextStyle":"black","capsuleTheme":"light"}}}