{"pages":["pages/index/index","pages/gyroscope/gyroscope"],"style":"v2","sitemapLocation":"sitemap.json","entryPagePath":"pages/index/index.html","page":{"pages/index/index.html":{"window":{"usingComponents":{}}},"pages/gyroscope/gyroscope.html":{"window":{"navigationBarTitleText":"gyroscope"}}},"global":{"window":{"backgroundTextStyle":"light","navigationBarBackgroundColor":"#fff","navigationBarTitleText":"Macle","navigationBarTextStyle":"black","capsuleTheme":"light","tabBar":{"color":"#000000","selectedColor":"#ffffff","position":"bottom","list":[{"pagePath":"pages/gyroscope/gyroscope","text":"Gyroscope"},{"pagePath":"pages/index/index","text":"Map"}]}}}}