{"pages":["pages/Home/Home","pages/orderDetail/orderDetail","pages/reciept/reciept","pages/detail/detail","pages/cart/cart","pages/checkout/checkout","pages/products/products","pages/orderHistory/orderHistory"],"style":"v2","sitemapLocation":"sitemap.json","entryPagePath":"pages/Home/Home.html","page":{"pages/Home/Home.html":{"window":{"usingComponents":{}}},"pages/orderDetail/orderDetail.html":{"window":{"usingComponents":{}}},"pages/reciept/reciept.html":{"window":{"navigationBarTitleText":"","usingComponents":{}}},"pages/detail/detail.html":{"window":{"navigationBarTitleText":"","usingComponents":{}}},"pages/cart/cart.html":{"window":{"navigationBarTitleText":"","usingComponents":{}}},"pages/checkout/checkout.html":{"window":{"navigationBarTitleText":"","usingComponents":{}}},"pages/products/products.html":{"window":{"navigationBarTitleText":"","usingComponents":{}}},"pages/orderHistory/orderHistory.html":{"window":{"usingComponents":{}}}},"global":{"window":{"backgroundTextStyle":"light","navigationBarBackgroundColor":"#fff","navigationBarTitleText":"Macle","navigationBarTextStyle":"black","capsuleTheme":"light"}}}