{"pages":["pages/home/home","pages/index/index","pages/marker/index","pages/coordinate/index","pages/scale/index","pages/tap/index","pages/showLocation/index","pages/includePoints/index","pages/circles/index","pages/polyline/index"],"entryPagePath":"pages/home/home.html","page":{"pages/home/home.html":{"window":{"navigationBarTitleText":"","usingComponents":{}}},"pages/index/index.html":{"window":{"usingComponents":{}}},"pages/marker/index.html":{"window":{"usingComponents":{}}},"pages/coordinate/index.html":{"window":{"usingComponents":{}}},"pages/scale/index.html":{"window":{"usingComponents":{}}},"pages/tap/index.html":{"window":{"usingComponents":{}}},"pages/showLocation/index.html":{"window":{"usingComponents":{}}},"pages/includePoints/index.html":{"window":{"usingComponents":{}}},"pages/circles/index.html":{"window":{"usingComponents":{}}},"pages/polyline/index.html":{"window":{"usingComponents":{}}}},"global":{"window":{"backgroundTextStyle":"light","navigationBarBackgroundColor":"#fff","navigationBarTitleText":"Macle","navigationBarTextStyle":"black","capsuleTheme":"light"}}}